Rk,Player,Team,Age,Pos,Games,Games Started,Targets,Receptions,Catch Percentage,Yards,Yards per Reception,Touchdowns,First Down Receiving,Longest Reception,Yards per Target,Receptions per Game,Yards per Game,Fumbles
1,Justin Jefferson*+,MIN,23,WR,17,17,184,128,69.6%,1809,14.1,8,80,64,9.8,7.5,106.4,0
2,Tyreek Hill*+,MIA,28,WR,17,17,170,119,70.0%,1710,14.4,7,77,64,10.1,7.0,100.6,1
3,Travis Kelce*+,KAN,33,TE,17,17,152,110,72.4%,1338,12.2,12,78,52,8.8,6.5,78.7,1
4,Stefon Diggs*,BUF,29,WR,16,16,154,108,70.1%,1429,13.2,11,74,53,9.3,6.8,89.3,1
5,Austin Ekeler,LAC,27,RB,17,17,127,107,84.3%,722,6.7,5,36,23,5.7,6.3,42.5,5
6,CeeDee Lamb*,DAL,23,WR,17,17,156,107,68.6%,1359,12.7,9,67,39,8.7,6.3,79.9,0
7,Amon-Ra St. Brown*,DET,23,WR,16,16,146,106,72.6%,1161,11.0,6,68,49,8.0,6.6,72.6,0
8,Chris Godwin,TAM,26,WR,15,13,142,104,73.2%,1023,9.8,3,53,44,7.2,6.9,68.2,2
9,Davante Adams*+,LVR,30,WR,17,17,180,100,55.6%,1516,15.2,14,65,60,8.4,5.9,89.2,1
10,Michael Pittman Jr.,IND,25,WR,16,16,141,99,70.2%,925,9.3,4,51,28,6.6,6.2,57.8,2
11,DeVonta Smith,PHI,24,WR,17,17,136,95,69.9%,1196,12.6,7,57,45,8.8,5.6,70.4,1
12,D.K. Metcalf,SEA,25,WR,17,17,141,90,63.8%,1048,11.6,6,47,54,7.4,5.3,61.6,2
13,A.J. Brown*,PHI,25,WR,17,16,145,88,60.7%,1496,17.0,11,59,78,10.3,5.2,88.0,2
14,Ja'Marr Chase*,CIN,22,WR,12,12,134,87,64.9%,1046,12.0,9,58,60,7.8,7.3,87.2,2
15,T.J. Hockenson*,2TM,25,TE,17,14,129,86,66.7%,914,10.6,6,44,81,7.1,5.1,53.8,1
16,Diontae Johnson,PIT,26,WR,17,17,147,86,58.5%,882,10.3,0,45,37,6.0,5.1,51.9,1
17,Christian McCaffrey*,2TM,26,RB,17,16,108,85,78.7%,741,8.7,5,36,49,6.9,5.0,43.6,1
18,Christian Kirk,JAX,26,WR,17,17,133,84,63.2%,1108,13.2,8,55,49,8.3,4.9,65.2,1
19,Tyler Lockett,SEA,30,WR,16,16,117,84,71.8%,1033,12.3,9,50,40,8.8,5.3,64.6,2
20,Garrett Wilson,NYJ,22,WR,17,12,147,83,56.5%,1103,13.3,4,56,60,7.5,4.9,64.9,2
21,Zay Jones,JAX,27,WR,16,15,121,82,67.8%,823,10.0,5,44,59,6.8,5.1,51.4,0
22,Brandon Aiyuk,SFO,24,WR,17,17,114,78,68.4%,1015,13.0,8,47,54,8.9,4.6,59.7,1
23,Amari Cooper,CLE,28,WR,17,17,132,78,59.1%,1160,14.9,9,61,55,8.8,4.6,68.2,0
24,JuJu Smith-Schuster,KAN,26,WR,16,14,101,78,77.2%,933,12.0,3,47,53,9.2,4.9,58.3,3
25,Mike Evans,TAM,29,WR,15,15,127,77,60.6%,1124,14.6,6,53,63,8.9,5.1,74.9,0
26,Terry McLaurin*,WAS,27,WR,17,17,120,77,64.2%,1191,15.5,5,56,52,9.9,4.5,70.1,1
27,Cooper Kupp,LAR,29,WR,9,9,98,75,76.5%,812,10.8,6,42,75,8.3,8.3,90.2,2
28,Jaylen Waddle,MIA,24,WR,17,17,117,75,64.1%,1356,18.1,8,60,84,11.6,4.4,79.8,1
29,Tee Higgins,CIN,23,WR,16,14,109,74,67.9%,1029,13.9,7,47,59,9.4,4.6,64.3,0
30,Mark Andrews*,BAL,27,TE,15,15,113,73,64.6%,847,11.6,5,48,36,7.5,4.9,56.5,1
31,Evan Engram,JAX,28,TE,17,14,98,73,74.5%,766,10.5,4,33,36,7.8,4.3,45.1,0
32,Leonard Fournette,TAM,27,RB,16,9,83,73,88.0%,523,7.2,3,26,44,6.3,4.6,32.7,0
33,Tyler Higbee,LAR,29,TE,17,17,108,72,66.7%,620,8.6,3,32,26,5.7,4.2,36.5,0
34,Drake London,ATL,21,WR,17,15,117,72,61.5%,866,12.0,4,48,40,7.4,4.2,50.9,3
35,Chris Olave,NOR,22,WR,15,9,119,72,60.5%,1042,14.5,4,48,53,8.8,4.8,69.5,2
36,Josh Palmer,LAC,24,WR,16,11,107,72,67.3%,769,10.7,3,39,50,7.2,4.5,48.1,1
37,Adam Thielen,MIN,32,WR,17,17,107,70,65.4%,716,10.2,6,45,36,6.7,4.1,42.1,0
38,Rhamondre Stevenson,NWE,24,RB,17,7,88,69,78.4%,421,6.1,1,13,40,4.8,4.1,24.8,4
39,Marquise Brown,ARI,25,WR,12,10,107,67,62.6%,709,10.6,3,33,47,6.6,5.6,59.1,1
40,Jerry Jeudy,DEN,23,WR,15,14,100,67,67.0%,972,14.5,6,41,67,9.7,4.5,64.8,0
41,Jakobi Meyers,NWE,26,WR,14,13,96,67,69.8%,804,12.0,6,38,48,8.4,4.8,57.4,2
42,Keenan Allen,LAC,30,WR,10,10,89,66,74.2%,752,11.4,4,39,46,8.4,6.6,75.2,1
43,DeAndre Hopkins,ARI,30,WR,9,9,96,64,66.7%,717,11.2,3,35,33,7.5,7.1,79.7,2
44,Curtis Samuel,WAS,26,WR,17,12,92,64,69.6%,656,10.3,4,36,49,7.1,3.8,38.6,1
45,Courtland Sutton,DEN,27,WR,15,15,109,64,58.7%,829,13.0,2,38,51,7.6,4.3,55.3,0
46,Parris Campbell,IND,25,WR,17,16,91,63,69.2%,623,9.9,3,32,49,6.8,3.7,36.6,1
47,Pat Freiermuth,PIT,24,TE,16,8,98,63,64.3%,732,11.6,2,37,57,7.5,3.9,45.8,0
48,D.J. Moore,CAR,25,WR,17,17,118,63,53.4%,888,14.1,7,44,62,7.5,3.7,52.2,0
49,Mike Williams,LAC,28,WR,13,13,93,63,67.7%,895,14.2,4,39,55,9.6,4.8,68.8,0
50,Donovan Peoples-Jones,CLE,23,WR,17,14,96,61,63.5%,839,13.8,3,33,42,8.7,3.6,49.4,1
51,George Kittle*,SFO,29,TE,15,15,86,60,69.8%,765,12.8,11,36,54,8.9,4.0,51.0,1
52,Allen Lazard,GNB,27,WR,15,15,100,60,60.0%,788,13.1,6,45,47,7.9,4.0,52.5,0
53,Joe Mixon,CIN,26,RB,14,14,75,60,80.0%,441,7.4,2,17,35,5.9,4.3,31.5,0
54,K.J. Osborn,MIN,25,WR,17,9,90,60,66.7%,650,10.8,5,32,66,7.2,3.5,38.2,1
55,Aaron Jones,GNB,28,RB,17,17,72,59,81.9%,395,6.7,5,19,30,5.5,3.5,23.2,5
56,Tyler Boyd,CIN,28,WR,16,14,82,58,70.7%,762,13.1,5,42,60,9.3,3.6,47.6,0
57,Tyler Conklin,NYJ,27,TE,17,16,87,58,66.7%,552,9.5,3,25,30,6.3,3.4,32.5,2
58,Gerald Everett,LAC,28,TE,16,11,87,58,66.7%,555,9.6,4,29,26,6.4,3.6,34.7,0
59,David Njoku,CLE,26,TE,14,14,80,58,72.5%,628,10.8,4,36,38,7.9,4.1,44.9,1
60,Saquon Barkley*,NYG,25,RB,16,16,76,57,75.0%,338,5.9,0,10,41,4.4,3.6,21.1,1
61,Brandin Cooks,HOU,29,WR,13,13,93,57,61.3%,699,12.3,3,29,44,7.5,4.4,53.8,0
62,Mack Hollins,LVR,29,WR,17,16,94,57,60.6%,690,12.1,4,34,60,7.3,3.4,40.6,0
63,Richie James,NYG,27,WR,17,4,70,57,81.4%,569,10.0,4,29,33,8.1,3.4,33.5,3
64,Alvin Kamara,NOR,27,RB,15,13,77,57,74.0%,490,8.6,2,17,54,6.4,3.8,32.7,4
65,Dalton Schultz,DAL,26,TE,15,15,89,57,64.0%,577,10.1,5,27,30,6.5,3.8,38.5,1
66,Jerick McKinnon,KAN,30,RB,17,0,71,56,78.9%,512,9.1,9,28,56,7.2,3.3,30.1,1
67,Deebo Samuel,SFO,26,WR,13,12,94,56,59.6%,632,11.3,2,25,57,6.7,4.3,48.6,3
68,Dallas Goedert,PHI,27,TE,12,12,69,55,79.7%,702,12.8,3,40,31,10.2,4.6,58.5,1
69,Josh Jacobs*+,LVR,24,RB,17,17,64,53,82.8%,400,7.5,0,16,43,6.3,3.1,23.5,3
70,Robert Tonyan,GNB,28,TE,17,3,67,53,79.1%,470,8.9,2,20,24,7.0,3.1,27.6,0
71,Robert Woods,TEN,30,WR,17,15,91,53,58.2%,527,9.9,2,31,41,5.8,3.1,31.0,1
72,Greg Dortch,ARI,24,WR,16,4,64,52,81.3%,467,9.0,2,19,47,7.3,3.3,29.2,1
73,Hayden Hurst,CIN,29,TE,13,13,68,52,76.5%,414,8.0,2,26,29,6.1,4.0,31.8,0
74,George Pickens,PIT,21,WR,17,12,84,52,61.9%,801,15.4,4,38,42,9.5,3.1,47.1,0
75,Russell Gage,TAM,26,WR,13,4,70,51,72.9%,426,8.4,5,31,23,6.1,3.9,32.8,1
76,Noah Fant,SEA,25,TE,17,16,63,50,79.4%,486,9.7,4,24,51,7.7,2.9,28.6,0
77,Cole Kmet,CHI,23,TE,17,17,69,50,72.5%,544,10.9,7,27,50,7.9,2.9,32.0,1
78,Rachaad White,TAM,23,RB,17,8,58,50,86.2%,290,5.8,2,13,20,5.0,2.9,17.1,3
79,Gabriel Davis,BUF,23,WR,15,15,93,48,51.6%,836,17.4,7,35,98,9.0,3.2,55.7,1
80,Dawson Knox*,BUF,26,TE,15,15,65,48,73.8%,517,10.8,6,25,45,8.0,3.2,34.5,0
81,Chris Moore,HOU,29,WR,16,7,74,48,64.9%,548,11.4,2,24,52,7.4,3.0,34.3,0
82,Demarcus Robinson,BAL,28,WR,17,5,75,48,64.0%,458,9.5,2,23,31,6.1,2.8,26.9,2
83,D'Andre Swift,DET,23,RB,14,8,70,48,68.6%,389,8.1,3,17,25,5.6,3.4,27.8,1
84,Zach Ertz,ARI,32,TE,10,10,69,47,68.1%,406,8.6,4,24,32,5.9,4.7,40.6,0
85,Kalif Raymond,DET,28,WR,17,7,64,47,73.4%,616,13.1,0,24,56,9.6,2.8,36.2,3
86,DeAndre Carter,LAC,29,WR,17,7,65,46,70.8%,538,11.7,3,29,35,8.3,2.7,31.6,3
87,Chase Claypool,2TM,24,WR,15,11,79,46,58.2%,451,9.8,1,24,31,5.7,3.1,30.1,1
88,James Conner,ARI,27,RB,13,13,58,46,79.3%,300,6.5,1,13,22,5.2,3.5,23.1,3
89,Antonio Gibson,WAS,24,RB,15,6,58,46,79.3%,353,7.7,2,18,26,6.1,3.1,23.5,1
90,Marvin Jones,JAX,32,WR,16,10,81,46,56.8%,529,11.5,3,29,37,6.5,2.9,33.1,0
91,Darius Slayton,NYG,25,WR,16,11,71,46,64.8%,724,15.7,2,30,55,10.2,2.9,45.3,2
92,Noah Brown,DAL,26,WR,16,13,74,43,58.1%,555,12.9,3,25,51,7.5,2.7,34.7,1
93,Romeo Doubs,GNB,22,WR,13,7,67,42,62.7%,425,10.1,3,20,26,6.3,3.2,32.7,2
94,Juwan Johnson,NOR,26,TE,16,12,65,42,64.6%,508,12.1,7,25,41,7.8,2.6,31.8,0
95,Isaiah McKenzie,BUF,27,WR,15,8,65,42,64.6%,423,10.1,4,27,30,6.5,2.8,28.2,0
96,Cade Otton,TAM,23,TE,16,11,65,42,64.6%,391,9.3,2,19,35,6.0,2.6,24.4,0
97,Marquez Valdes-Scantling,KAN,28,WR,17,11,81,42,51.9%,687,16.4,2,32,57,8.5,2.5,40.4,0
98,Michael Carter,NYJ,23,RB,16,10,54,41,75.9%,288,7.0,0,12,37,5.3,2.6,18.0,2
99,Najee Harris,PIT,24,RB,17,17,53,41,77.4%,229,5.6,3,16,19,4.3,2.4,13.5,3
100,Hunter Henry,NWE,28,TE,17,14,59,41,69.5%,509,12.4,2,23,39,8.6,2.4,29.9,0
101,Austin Hooper,TEN,28,TE,17,2,60,41,68.3%,444,10.8,2,28,24,7.4,2.4,26.1,0
102,Rondale Moore,ARI,22,WR,8,8,56,41,73.2%,414,10.1,1,16,38,7.4,5.1,51.8,0
103,Alec Pierce,IND,22,WR,16,12,78,41,52.6%,593,14.5,2,28,47,7.6,2.6,37.1,1
104,Christian Watson,GNB,23,WR,14,11,66,41,62.1%,611,14.9,7,28,63,9.3,2.9,43.6,0
105,Darnell Mooney,CHI,25,WR,12,12,61,40,65.6%,493,12.3,2,20,56,8.1,3.3,41.1,0
106,Olamide Zaccheaus,ATL,25,WR,17,13,61,40,65.6%,533,13.3,3,25,45,8.7,2.4,31.4,1
107,Dalvin Cook*,MIN,27,RB,17,17,56,39,69.6%,295,7.6,2,16,64,5.3,2.3,17.4,4
108,Michael Gallup,DAL,26,WR,14,11,74,39,52.7%,424,10.9,4,25,27,5.7,2.8,30.3,0
109,Tony Pollard*,DAL,25,RB,16,4,55,39,70.9%,371,9.5,3,18,68,6.7,2.4,23.2,0
110,Ben Skowronek,LAR,25,WR,14,11,61,39,63.9%,376,9.6,0,16,32,6.2,2.8,26.9,0
111,Logan Thomas,WAS,31,TE,14,13,61,39,63.9%,323,8.3,1,15,27,5.3,2.8,23.1,0
112,Samaje Perine,CIN,27,RB,16,2,51,38,74.5%,287,7.6,4,11,32,5.6,2.4,17.9,0
113,Josh Reynolds,DET,27,WR,14,11,59,38,64.4%,479,12.6,3,25,31,8.1,2.7,34.2,0
114,Devin Singletary,BUF,25,RB,16,16,52,38,73.1%,280,7.4,1,15,22,5.4,2.4,17.5,3
115,Jordan Akins,HOU,30,TE,15,3,54,37,68.5%,495,13.4,5,23,46,9.2,2.5,33.0,1
116,Rex Burkhead,HOU,32,RB,16,0,51,37,72.5%,204,5.5,1,8,17,4.0,2.3,12.8,0
117,Nico Collins,HOU,23,WR,10,7,66,37,56.1%,481,13.0,2,21,58,7.3,3.7,48.1,0
118,Devin Duvernay*,BAL,25,WR,14,13,49,37,75.5%,407,11.0,3,19,31,8.3,2.6,29.1,1
119,Isaiah Hodgins,2TM,24,WR,10,5,48,37,77.1%,392,10.6,4,24,29,8.2,3.7,39.2,1
120,Elijah Moore,NYJ,22,WR,16,9,65,37,56.9%,446,12.1,1,22,42,6.9,2.3,27.9,1
121,Isaiah Likely,BAL,22,TE,16,2,60,36,60.0%,373,10.4,3,18,34,6.2,2.3,23.3,0
122,Hunter Renfrow,LVR,27,WR,10,1,50,36,72.0%,330,9.2,2,18,27,6.6,3.6,33.0,3
123,Kendrick Bourne,NWE,27,WR,16,2,48,35,72.9%,434,12.4,1,22,41,9.0,2.2,27.1,2
124,Jahan Dotson,WAS,22,WR,12,10,61,35,57.4%,523,14.9,7,26,61,8.6,2.9,43.6,0
125,Travis Etienne,JAX,23,RB,17,12,45,35,77.8%,316,9.0,0,16,30,7.0,2.1,18.6,5
126,Kareem Hunt,CLE,27,RB,17,0,44,35,79.5%,210,6.0,1,11,24,4.8,2.1,12.4,1
127,Jauan Jennings,SFO,25,WR,16,4,56,35,62.5%,416,11.9,1,23,44,7.4,2.2,26.0,1
128,Randall Cobb,GNB,32,WR,13,3,50,34,68.0%,417,12.3,1,19,40,8.3,2.6,32.1,1
129,Will Dissly,SEA,26,TE,15,15,38,34,89.5%,349,10.3,3,20,38,9.2,2.3,23.3,0
130,David Montgomery,CHI,25,RB,16,16,40,34,85.0%,316,9.3,1,10,32,7.9,2.1,19.8,2
131,Treylon Burks,TEN,22,WR,11,6,54,33,61.1%,444,13.5,1,19,51,8.2,3.0,40.4,0
132,Greg Dulcich,DEN,22,TE,10,6,55,33,60.0%,411,12.5,2,18,39,7.5,3.3,41.1,0
133,Derrick Henry*,TEN,28,RB,16,16,41,33,80.5%,398,12.1,0,11,69,9.7,2.1,24.9,6
134,Foster Moreau,LVR,25,TE,15,14,54,33,61.1%,420,12.7,2,24,33,7.8,2.2,28.0,1
135,Allen Robinson,LAR,29,WR,10,10,52,33,63.5%,339,10.3,3,23,29,6.5,3.3,33.9,0
136,Quez Watkins,PHI,24,WR,17,8,51,33,64.7%,354,10.7,3,13,53,6.9,1.9,20.8,1
137,Corey Davis,NYJ,27,WR,13,10,64,32,50.0%,536,16.8,2,28,66,8.4,2.5,41.2,0
138,Mike Gesicki,MIA,27,TE,17,1,52,32,61.5%,362,11.3,5,19,32,7.0,1.9,21.3,0
139,Chigoziem Okonkwo,TEN,23,TE,17,8,46,32,69.6%,450,14.1,3,22,48,9.8,1.9,26.5,0
140,Nelson Agholor,NWE,29,WR,16,7,53,31,58.5%,362,11.7,2,12,44,6.8,1.9,22.6,2
141,Harrison Bryant,CLE,24,TE,17,9,42,31,73.8%,239,7.7,1,12,30,5.7,1.8,14.1,0
142,Kylen Granson,IND,24,TE,13,4,40,31,77.5%,302,9.7,0,17,32,7.6,2.4,23.2,1
143,Raheem Mostert,MIA,30,RB,16,14,42,31,73.8%,202,6.5,2,11,25,4.8,1.9,12.6,1
144,DeVante Parker,NWE,29,WR,13,11,47,31,66.0%,539,17.4,3,25,43,11.5,2.4,41.5,0
145,Daniel Bellinger,NYG,22,TE,12,11,35,30,85.7%,268,8.9,2,14,24,7.7,2.5,22.3,1
146,DJ Chark,DET,26,WR,11,10,52,30,57.7%,502,16.7,3,24,51,9.7,2.7,45.6,0
147,Nyheim Hines,2TM,26,RB,16,5,37,30,81.1%,241,8.0,1,11,22,6.5,1.9,15.1,2
148,Deon Jackson,IND,23,RB,16,2,34,30,88.2%,209,7.0,1,10,27,6.1,1.9,13.1,1
149,Dameon Pierce,HOU,22,RB,13,13,39,30,76.9%,165,5.5,1,7,16,4.2,2.3,12.7,4
150,Trent Sherfield,MIA,26,WR,17,4,51,30,58.8%,417,13.9,2,18,75,8.2,1.8,24.5,0
151,Trey McBride,ARI,23,TE,16,13,39,29,74.4%,265,9.1,1,12,29,6.8,1.8,16.6,1
152,AJ Dillon,GNB,24,RB,17,3,43,28,65.1%,206,7.4,0,9,17,4.8,1.6,12.1,1
153,Noah Gray,KAN,23,TE,17,8,34,28,82.4%,299,10.7,1,14,27,8.8,1.6,17.6,0
154,Terrace Marshall Jr.,CAR,22,WR,14,9,47,28,59.6%,490,17.5,1,24,43,10.4,2.0,35.0,2
155,Kyle Pitts,ATL,22,TE,10,10,59,28,47.5%,356,12.7,2,20,33,6.0,2.8,35.6,0
156,Rashid Shaheed,NOR,24,WR,12,6,34,28,82.4%,488,17.4,2,18,68,14.4,2.3,40.7,1
157,Jonathan Taylor,IND,23,RB,11,11,40,28,70.0%,143,5.1,0,4,19,3.6,2.5,13.0,3
158,Darren Waller,LVR,30,TE,9,6,43,28,65.1%,388,13.9,3,18,34,9.0,3.1,43.1,0
159,Jaylen Warren,PIT,24,RB,16,0,33,28,84.8%,214,7.6,0,14,26,6.5,1.8,13.4,1
160,Nick Chubb*,CLE,27,RB,17,17,37,27,73.0%,239,8.9,1,12,26,6.5,1.6,14.1,1
161,Marquise Goodwin,SEA,32,WR,13,2,42,27,64.3%,387,14.3,4,18,38,9.2,2.1,29.8,0
162,J.D. McKissic,WAS,29,RB,8,0,40,27,67.5%,173,6.4,0,7,14,4.3,3.4,21.6,0
163,Latavius Murray,2TM,32,RB,13,7,35,27,77.1%,132,4.9,0,4,15,3.8,2.1,10.2,1
164,Laviska Shenault Jr.,CAR,24,WR,13,4,32,27,84.4%,272,10.1,1,10,67,8.5,2.1,20.9,0
165,Jonnu Smith,NWE,27,TE,14,8,38,27,71.1%,245,9.1,0,9,53,6.4,1.9,17.5,1
166,Kenneth Walker III,SEA,22,RB,15,11,35,27,77.1%,165,6.1,0,6,33,4.7,1.8,11.0,0
167,Ameer Abdullah,LVR,29,RB,17,0,32,25,78.1%,211,8.4,1,8,23,6.6,1.5,12.4,0
168,Eno Benjamin,3TM,23,N/A,15,3,34,25,73.5%,193,7.7,0,10,22,5.7,1.7,12.9,0
169,Melvin Gordon,DEN,29,RB,10,6,32,25,78.1%,223,8.9,0,11,24,7.0,2.5,22.3,5
170,Mecole Hardman,KAN,24,WR,8,5,34,25,73.5%,297,11.9,4,14,36,8.7,3.1,37.1,1
171,Jarvis Landry,NOR,30,WR,9,3,39,25,64.1%,272,10.9,1,12,40,7.0,2.8,30.2,1
172,Colby Parkinson,SEA,23,TE,17,2,34,25,73.5%,322,12.9,2,14,39,9.5,1.5,18.9,0
173,Irv Smith Jr.,MIN,24,TE,8,1,36,25,69.4%,182,7.3,2,9,17,5.1,3.1,22.8,1
174,Nick Westbrook-Ikhine,TEN,25,WR,17,13,50,25,50.0%,397,15.9,3,18,63,7.9,1.5,23.4,0
175,Jelani Woods,IND,24,TE,15,2,40,25,62.5%,312,12.5,3,16,36,7.8,1.7,20.8,1
176,David Bell,CLE,22,WR,16,3,35,24,68.6%,214,8.9,0,7,20,6.1,1.5,13.4,0
177,A.J. Green,ARI,34,WR,15,10,47,24,51.1%,236,9.8,2,11,77,5.0,1.6,15.7,0
178,Kendall Hinton,DEN,25,WR,12,5,33,24,72.7%,311,13.0,0,14,35,9.4,2.0,25.9,0
179,Van Jefferson,LAR,26,WR,11,9,44,24,54.5%,369,15.4,3,20,39,8.4,2.2,33.5,0
180,Julio Jones,TAM,33,WR,10,5,43,24,55.8%,299,12.5,2,13,48,7.0,2.4,29.9,0
181,Brandon Powell,LAR,27,WR,17,6,32,24,75.0%,156,6.5,0,7,16,4.9,1.4,9.2,1
182,Jamal Agnew*,JAX,27,WR,15,0,30,23,76.7%,187,8.1,3,9,24,6.2,1.5,12.5,0
183,Kenneth Gainwell,PHI,23,RB,17,0,29,23,79.3%,169,7.3,0,7,20,5.8,1.4,9.9,0
184,Scott Miller,TAM,25,WR,15,1,40,23,57.5%,185,8.0,0,8,23,4.6,1.5,12.3,0
185,Wan'Dale Robinson,NYG,21,WR,6,3,31,23,74.2%,227,9.9,1,13,19,7.3,3.8,37.8,0
186,Skyy Moore,KAN,22,WR,16,3,33,22,66.7%,250,11.4,0,13,30,7.6,1.4,15.6,3
187,Shi Smith,CAR,24,WR,17,6,41,22,53.7%,296,13.5,2,14,38,7.2,1.3,17.4,4
188,Tyquan Thornton,NWE,22,WR,13,9,45,22,48.9%,247,11.2,2,13,29,5.5,1.7,19.0,0
189,Jeff Wilson,2TM,27,RB,16,7,37,22,59.5%,185,8.4,1,7,16,5.0,1.4,11.6,3
190,James Cook,BUF,23,RB,16,0,32,21,65.6%,180,8.6,1,5,41,5.6,1.3,11.3,1
191,Dontrell Hilliard,TEN,27,RB,12,1,26,21,80.8%,177,8.4,4,8,31,6.8,1.8,14.8,0
192,Cordarrelle Patterson,ATL,31,RB,13,11,31,21,67.7%,122,5.8,0,6,16,3.9,1.6,9.4,1
193,Equanimeous St. Brown,CHI,26,WR,16,16,38,21,55.3%,323,15.4,1,14,56,8.5,1.3,20.2,1
194,Ian Thomas,CAR,26,TE,17,17,30,21,70.0%,197,9.4,0,8,50,6.6,1.2,11.6,0
195,C.J. Uzomah,NYJ,29,TE,15,13,27,21,77.8%,232,11.0,2,10,40,8.6,1.4,15.5,0
196,Chosen Anderson,2TM,29,WR,16,7,44,20,45.5%,282,14.1,1,10,75,6.4,1.3,17.6,1
197,Cameron Brate,TAM,31,TE,11,1,38,20,52.6%,174,8.7,0,8,21,4.6,1.8,15.8,0
198,Matt Breida,NYG,27,RB,17,1,25,20,80.0%,118,5.9,0,5,16,4.7,1.2,6.9,0
199,Phillip Dorsett,HOU,29,WR,15,4,40,20,50.0%,257,12.9,1,11,34,6.4,1.3,17.1,0
200,Jamycal Hasty,JAX,26,RB,17,0,26,20,76.9%,126,6.3,1,7,28,4.8,1.2,7.4,0
201,Dare Ogunbowale,HOU,28,RB,17,4,26,20,76.9%,104,5.2,0,5,23,4.0,1.2,6.1,0
202,Miles Sanders*,PHI,25,RB,17,15,26,20,76.9%,78,3.9,0,2,16,3.0,1.2,4.6,2
203,Mo Alie-Cox,IND,29,TE,17,11,28,19,67.9%,189,9.9,3,9,34,6.8,1.1,11.1,1
204,Jake Ferguson,DAL,23,TE,16,8,22,19,86.4%,174,9.2,2,8,30,7.9,1.2,10.9,0
205,Zach Gentry,PIT,26,TE,17,13,23,19,82.6%,132,6.9,0,6,32,5.7,1.1,7.8,0
206,Breece Hall,NYJ,21,RB,7,2,31,19,61.3%,218,11.5,1,8,79,7.0,2.7,31.1,1
207,Kyle Juszczyk*,SFO,31,FB,16,12,23,19,82.6%,200,10.5,1,9,35,8.7,1.2,12.5,0
208,Johnny Mundt,MIN,28,TE,17,12,21,19,90.5%,140,7.4,1,9,17,6.7,1.1,8.2,0
209,Dante Pettis,CHI,27,WR,17,7,41,19,46.3%,245,12.9,3,9,51,6.0,1.1,14.4,1
210,Tre'Quan Smith,NOR,26,WR,15,6,27,19,70.4%,278,14.6,1,14,48,10.3,1.3,18.5,0
211,Tommy Tremble,CAR,22,TE,17,4,32,19,59.4%,174,9.2,3,9,29,5.4,1.1,10.2,1
212,Tutu Atwell,LAR,23,WR,13,4,35,18,51.4%,298,16.6,1,11,62,8.5,1.4,22.9,0
213,Braxton Berrios,NYJ,27,WR,17,2,32,18,56.3%,145,8.1,0,8,25,4.5,1.1,8.5,1
214,Adam Trautman,NOR,25,TE,15,12,22,18,81.8%,207,11.5,1,9,22,9.4,1.2,13.8,0
215,Brock Wright,DET,24,TE,17,10,24,18,75.0%,216,12.0,4,13,51,9.0,1.1,12.7,0
216,DeeJay Dallas,SEA,24,RB,15,0,19,17,89.5%,126,7.4,0,5,41,6.6,1.1,8.4,1
217,Kenyan Drake,BAL,28,RB,12,5,26,17,65.4%,89,5.2,1,7,15,3.4,1.4,7.4,1
218,Clyde Edwards-Helaire,KAN,23,RB,10,6,23,17,73.9%,151,8.9,3,11,25,6.6,1.7,15.1,0
219,Ezekiel Elliott,DAL,27,RB,15,14,23,17,73.9%,92,5.4,0,4,31,4.0,1.1,6.1,0
220,Damien Harris,NWE,25,RB,11,9,23,17,73.9%,97,5.7,0,4,15,4.2,1.5,8.8,0
221,Darrell Henderson,LAR,25,RB,10,7,22,17,77.3%,102,6.0,0,5,15,4.6,1.7,10.2,0
222,Mitchell Wilcox,CIN,26,TE,16,4,18,17,94.4%,139,8.2,1,6,19,7.7,1.1,8.7,0
223,Tyler Allgeier,ATL,22,RB,16,7,17,16,94.1%,139,8.7,1,8,26,8.2,1.0,8.7,0
224,Marquez Callaway,NOR,24,WR,14,3,32,16,50.0%,158,9.9,1,11,33,4.9,1.1,11.3,0
225,Chase Edmonds,2TM,26,RB,13,3,24,16,66.7%,157,9.8,1,7,27,6.5,1.2,12.1,0
226,Travis Homer,SEA,24,RB,10,1,18,16,88.9%,157,9.8,1,7,27,8.7,1.6,15.7,1
227,Mark Ingram,NOR,33,RB,10,3,18,16,88.9%,68,4.3,0,2,11,3.8,1.6,6.8,2
228,MyCole Pruitt,ATL,30,TE,13,4,21,16,76.2%,150,9.4,4,10,29,7.1,1.2,11.5,0
229,Amari Rodgers,2TM,23,N/A,16,1,25,16,64.0%,204,12.8,1,12,37,8.2,1.0,12.8,6
230,Michael Thomas,NOR,29,WR,3,3,22,16,72.7%,171,10.7,3,13,21,7.8,5.3,57.0,0
231,Kadarius Toney,2TM,23,WR,9,4,20,16,80.0%,171,10.7,2,8,38,8.6,1.8,19.0,1
232,Sammy Watkins,2TM,29,N/A,12,5,27,16,59.3%,325,20.3,0,11,55,12.0,1.3,27.1,1
233,Javonte Williams,DEN,22,RB,4,4,22,16,72.7%,76,4.8,0,4,13,3.5,4.0,19.0,1
234,Rashod Bateman,BAL,23,WR,6,5,28,15,53.6%,285,19.0,2,7,75,10.2,2.5,47.5,1
235,Ashton Dulin,IND,25,WR,12,2,22,15,68.2%,207,13.8,1,12,39,9.4,1.3,17.3,0
236,Alec Ingold,MIA,26,FB,17,14,23,15,65.2%,105,7.0,1,4,17,4.6,0.9,6.2,0
237,Trenton Irwin,CIN,27,WR,9,2,23,15,65.2%,231,15.4,4,12,45,10.0,1.7,25.7,0
238,Alexander Mattison,MIN,24,RB,17,0,18,15,83.3%,91,6.1,1,4,16,5.1,0.9,5.4,0
239,Zach Pascal,PHI,28,WR,17,2,19,15,78.9%,150,10.0,1,9,34,7.9,0.9,8.8,0
240,Eric Saubert,DEN,28,TE,17,6,24,15,62.5%,148,9.9,1,6,25,6.2,0.9,8.7,0
241,Durham Smythe,MIA,27,TE,16,15,20,15,75.0%,129,8.6,1,7,26,6.5,0.9,8.1,0
242,Justin Watson,KAN,26,WR,17,5,34,15,44.1%,315,21.0,2,12,67,9.3,0.9,18.5,0
243,John Bates,WAS,25,TE,16,7,22,14,63.6%,108,7.7,1,4,20,4.9,0.9,6.8,1
244,Chuba Hubbard,CAR,23,RB,15,2,17,14,82.4%,171,12.2,0,5,45,10.1,0.9,11.4,2
245,Brevin Jordan,HOU,22,TE,11,3,28,14,50.0%,128,9.1,0,7,20,4.6,1.3,11.6,0
246,Joshua Kelley,LAC,25,RB,13,1,25,14,56.0%,101,7.2,0,4,22,4.0,1.1,7.8,0
247,Ray-Ray McCloud,SFO,26,WR,17,2,25,14,56.0%,243,17.4,1,11,42,9.7,0.8,14.3,2
248,Josh Oliver,BAL,25,TE,17,9,25,14,56.0%,149,10.6,2,7,40,6.0,0.8,8.8,0
249,Steven Sims,PIT,25,WR,12,2,23,14,60.9%,104,7.4,0,5,28,4.5,1.2,8.7,3
250,Cam Akers,LAR,23,RB,15,9,18,13,72.2%,117,9.0,0,8,18,6.5,0.9,7.8,2
251,Damiere Byrd,ATL,29,WR,14,4,23,13,56.5%,268,20.6,2,9,75,11.7,0.9,19.1,0
252,Lawrence Cager,2TM,25,TE,7,4,19,13,68.4%,118,9.1,1,8,20,6.2,1.9,16.9,0
253,Josiah Deguara,GNB,25,TE,17,3,15,13,86.7%,114,8.8,0,4,25,7.6,0.8,6.7,0
254,KhaDarel Hodge,ATL,27,WR,17,1,20,13,65.0%,202,15.5,1,7,39,10.1,0.8,11.9,0
255,Zonovan Knight,NYJ,21,RB,7,4,14,13,92.9%,100,7.7,0,5,16,7.1,1.9,14.3,2
256,Isiah Pacheco,KAN,23,RB,17,11,14,13,92.9%,130,10.0,0,7,32,9.3,0.8,7.6,4
257,Sterling Shepard,NYG,29,WR,3,2,24,13,54.2%,154,11.8,1,4,65,6.4,4.3,51.3,0
258,Avery Williams,ATL,24,RB,17,3,14,13,92.9%,61,4.7,0,3,10,4.4,0.8,3.6,1
259,Pharaoh Brown,2TM,28,TE,16,8,20,12,60.0%,117,9.8,0,6,30,5.9,0.8,7.3,0
260,Connor Heyward,PIT,23,TE,17,0,17,12,70.6%,151,12.6,1,6,45,8.9,0.7,8.9,0
261,Justice Hill,BAL,25,RB,15,0,12,12,100.0%,58,4.8,0,2,15,4.8,0.8,3.9,2
262,Justin Jackson,DET,26,RB,16,0,19,12,63.2%,101,8.4,1,7,15,5.3,0.8,6.3,0
263,Ty Johnson,NYJ,25,RB,17,1,24,12,50.0%,88,7.3,0,3,16,3.7,0.7,5.2,0
264,Geoff Swaim,TEN,29,TE,17,13,16,12,75.0%,58,4.8,1,4,13,3.6,0.7,3.4,0
265,Jamaal Williams,DET,27,RB,17,9,16,12,75.0%,73,6.1,0,4,17,4.6,0.7,4.3,3
266,Cedrick Wilson Jr.,MIA,27,WR,15,0,18,12,66.7%,136,11.3,0,8,21,7.6,0.8,9.1,0
267,Hassan Haskins,TEN,23,RB,15,1,12,11,91.7%,57,5.2,0,2,10,4.8,0.7,3.8,0
268,Peyton Hendershot,DAL,23,TE,17,2,16,11,68.8%,103,9.4,2,8,29,6.4,0.6,6.1,1
269,Denzel Mims,NYJ,25,WR,10,4,25,11,44.0%,186,16.9,0,7,63,7.4,1.1,18.6,0
270,James Mitchell,DET,23,TE,14,0,11,11,100.0%,113,10.3,1,7,22,10.3,0.8,8.1,0
271,Zack Moss,2TM,25,RB,13,3,13,11,84.6%,39,3.5,0,2,8,3.0,0.8,3.0,1
272,Patrick Ricard*,BAL,28,FB,17,16,13,11,84.6%,74,6.7,0,1,19,5.7,0.6,4.4,0
273,James Robinson,2TM,24,RB,11,5,14,11,78.6%,51,4.6,2,5,10,3.6,1.0,4.6,1
274,David Sills,NYG,26,WR,9,5,17,11,64.7%,106,9.6,0,7,24,6.2,1.2,11.8,0
275,Jack Stoll,PHI,24,TE,17,11,14,11,78.6%,123,11.2,0,5,26,8.8,0.6,7.2,0
276,Shane Zylstra,DET,26,TE,13,2,15,11,73.3%,60,5.5,4,6,14,4.0,0.8,4.6,0
277,Michael Bandy,LAC,25,WR,10,2,21,10,47.6%,89,8.9,0,5,25,4.2,1.0,8.9,0
278,Raheem Blackshear,CAR,23,RB,13,1,12,10,83.3%,93,9.3,0,3,27,7.8,0.8,7.2,1
279,Keelan Cole,LVR,29,WR,14,3,21,10,47.6%,141,14.1,1,8,30,6.7,0.7,10.1,1
280,C.J. Ham,MIN,29,FB,17,4,12,10,83.3%,86,8.6,0,7,17,7.2,0.6,5.1,0
281,O.J. Howard,HOU,28,TE,13,10,23,10,43.5%,145,14.5,2,6,26,6.3,0.8,11.2,0
282,Tanner Hudson,NYG,28,TE,11,0,15,10,66.7%,132,13.2,0,8,27,8.8,0.9,12.0,0
283,Tre' McKitty,LAC,23,TE,17,8,18,10,55.6%,72,7.2,0,0,12,4.0,0.6,4.2,1
284,Albert Okwuegbunam,DEN,24,TE,8,1,18,10,55.6%,95,9.5,1,4,25,5.3,1.3,11.9,0
285,Donald Parham,LAC,25,TE,6,1,12,10,83.3%,130,13.0,1,5,24,10.8,1.7,21.7,0
286,Byron Pringle,CHI,29,WR,11,4,16,10,62.5%,135,13.5,2,8,35,8.4,0.9,12.3,0
287,Khalil Shakir,BUF,22,WR,14,2,20,10,50.0%,161,16.1,1,7,31,8.1,0.7,11.5,0
288,Dan Arnold,JAX,27,TE,17,0,13,9,69.2%,135,15.0,0,5,26,10.4,0.5,7.9,0
289,Brandon Bolden,LVR,32,RB,16,0,9,9,100.0%,57,6.3,1,2,18,6.3,0.6,3.6,0
290,Mike Boone,DEN,27,RB,9,0,15,9,60.0%,96,10.7,0,2,34,6.4,1.0,10.7,0
291,River Cracraft,MIA,28,WR,11,0,14,9,64.3%,102,11.3,2,8,22,7.3,0.8,9.3,0
292,Anthony Firkser,ATL,27,TE,11,1,13,9,69.2%,100,11.1,0,5,22,7.7,0.8,9.1,0
293,Jody Fortson,KAN,27,TE,13,1,13,9,69.2%,108,12.0,2,6,40,8.3,0.7,8.3,1
294,Khalil Herbert,CHI,24,RB,13,1,12,9,75.0%,57,6.3,1,2,25,4.8,0.7,4.4,0
295,Parker Hesse,ATL,27,TE,17,7,11,9,81.8%,89,9.9,0,6,22,8.1,0.5,5.2,0
296,Taysom Hill,NOR,32,TE,16,8,13,9,69.2%,77,8.6,2,5,30,5.9,0.6,4.8,2
297,DeSean Jackson,BAL,36,WR,7,1,17,9,52.9%,153,17.0,0,5,62,9.0,1.3,21.9,0
298,Marcus Johnson,NYG,28,WR,14,7,22,9,40.9%,99,11.0,0,6,18,4.5,0.6,7.1,0
299,Sony Michel,LAC,27,RB,10,0,13,9,69.2%,53,5.9,0,1,9,4.1,0.9,5.3,0
300,Jalen Nailor,MIN,23,WR,15,0,13,9,69.2%,179,19.9,1,7,47,13.8,0.6,11.9,0
301,Breshad Perriman,TAM,29,WR,11,3,19,9,47.4%,110,12.2,1,5,28,5.8,0.8,10.0,2
302,Craig Reynolds,DET,26,RB,9,0,10,9,90.0%,116,12.9,0,5,36,11.6,1.0,12.9,0
303,Brian Robinson Jr.,WAS,23,RB,12,9,12,9,75.0%,60,6.7,1,3,18,5.0,0.8,5.0,2
304,Eric Tomlinson,DEN,30,TE,17,12,13,9,69.2%,79,8.8,2,5,18,6.1,0.5,4.6,0
305,Kyren Williams,LAR,22,RB,10,0,12,9,75.0%,76,8.4,0,5,15,6.3,0.9,7.6,0
306,Reggie Gilliam,BUF,25,FB,15,4,10,8,80.0%,69,8.6,1,4,14,6.9,0.5,4.6,0
307,Tom Kennedy,DET,26,WR,7,1,15,8,53.3%,141,17.6,0,7,44,9.4,1.1,20.1,0
308,Marlon Mack,2TM,26,N/A,8,0,10,8,80.0%,99,12.4,1,2,66,9.9,1.0,12.4,0
309,Quintin Morris,BUF,23,TE,14,1,11,8,72.7%,84,10.5,1,6,26,7.6,0.6,6.0,1
310,Kyle Philips,TEN,23,WR,4,0,13,8,61.5%,78,9.8,0,3,21,6.0,2.0,19.5,2
311,James Proche,BAL,26,WR,15,0,17,8,47.1%,62,7.8,0,3,12,3.6,0.5,4.1,0
312,Jalen Reagor,MIN,23,WR,17,0,13,8,61.5%,104,13.0,1,5,38,8.0,0.5,6.1,4
313,Giovanni Ricci,CAR,26,TE,15,3,9,8,88.9%,100,12.5,0,3,32,11.1,0.5,6.7,0
314,Cam Sims,WAS,26,WR,17,3,18,8,44.4%,89,11.1,0,5,21,4.9,0.5,5.2,0
315,Jeff Smith,NYJ,25,WR,11,0,11,8,72.7%,134,16.8,0,5,50,12.2,0.7,12.2,0
316,Andre Baccellia,ARI,25,WR,8,0,10,7,70.0%,45,6.4,0,4,11,4.5,0.9,5.6,0
317,J.K. Dobbins,BAL,24,RB,8,8,8,7,87.5%,42,6.0,1,3,20,5.3,0.9,5.3,0
318,D'Wayne Eskridge,SEA,25,WR,10,0,13,7,53.8%,58,8.3,0,4,16,4.5,0.7,5.8,0
319,KJ Hamler,DEN,23,WR,7,0,14,7,50.0%,165,23.6,0,3,55,11.8,1.0,23.6,0
320,N'Keal Harry,CHI,25,WR,7,0,9,7,77.8%,116,16.6,1,4,49,12.9,1.0,16.6,0
321,T.Y. Hilton,DAL,33,WR,3,0,10,7,70.0%,121,17.3,0,5,52,12.1,2.3,40.3,0
322,Brycen Hopkins,LAR,25,TE,14,1,11,7,63.6%,109,15.6,0,5,22,9.9,0.5,7.8,0
323,Velus Jones Jr.,CHI,25,WR,12,2,14,7,50.0%,107,15.3,1,4,44,7.6,0.6,8.9,3
324,Ko Kieft,TAM,24,TE,17,12,10,7,70.0%,80,11.4,1,5,19,8.0,0.4,4.7,0
325,Chris Myarick,NYG,27,FB,16,8,8,7,87.5%,65,9.3,1,5,23,8.1,0.4,4.1,0
326,Teagan Quitoriano,HOU,22,TE,9,6,14,7,50.0%,113,16.1,2,5,52,8.1,0.8,12.6,0
327,Pierre Strong,NWE,24,RB,15,0,7,7,100.0%,42,6.0,0,3,16,6.0,0.5,2.8,0
328,Jonathan Williams,WAS,28,RB,13,2,10,7,70.0%,40,5.7,0,2,21,4.0,0.5,3.1,0
329,Cole Beasley,2TM,33,N/A,4,1,7,6,85.7%,35,5.8,0,1,9,5.0,1.5,8.8,0
330,Jamison Crowder,BUF,29,WR,4,0,13,6,46.2%,60,10.0,0,4,16,4.6,1.5,15.0,1
331,Malik Davis,DAL,24,RB,12,0,7,6,85.7%,63,10.5,0,5,18,9.0,0.5,5.3,0
332,Royce Freeman,HOU,26,RB,4,1,8,6,75.0%,33,5.5,0,0,9,4.1,1.5,8.3,1
333,Kenny Golladay,NYG,29,WR,12,4,17,6,35.3%,81,13.5,1,4,25,4.8,0.5,6.8,0
334,Brandon Johnson,DEN,24,WR,7,1,14,6,42.9%,42,7.0,1,2,12,3.0,0.9,6.0,1
335,Marcedes Lewis,GNB,38,TE,17,17,7,6,85.7%,66,11.0,2,5,31,9.4,0.4,3.9,0
336,Phillip Lindsay,IND,28,RB,3,0,8,6,75.0%,19,3.2,0,0,7,2.4,2.0,6.3,0
337,Chris Manhertz,JAX,30,TE,17,11,8,6,75.0%,42,7.0,0,2,21,5.3,0.4,2.5,0
338,Dax Milne,WAS,23,WR,15,1,7,6,85.7%,37,6.2,1,2,12,5.3,0.4,2.5,1
339,Trent Taylor,CIN,28,WR,16,1,10,6,60.0%,62,10.3,0,1,34,6.2,0.4,3.9,2
340,Laquon Treadwell,SEA,27,WR,6,0,10,6,60.0%,42,7.0,0,3,17,4.2,1.0,7.0,0
341,Nick Vannett,2TM,29,N/A,9,3,9,6,66.7%,55,9.2,0,1,15,6.1,0.7,6.1,0
342,Jordan Wilkins,IND,28,RB,4,0,8,6,75.0%,29,4.8,0,1,10,3.6,1.5,7.3,0
343,Andrew Beck,DEN,26,FB,13,4,11,5,45.5%,69,13.8,0,2,27,6.3,0.4,5.3,0
344,Gary Brightwell,NYG,23,RB,17,0,8,5,62.5%,39,7.8,0,4,12,4.9,0.3,2.3,0
345,Dyami Brown,WAS,23,WR,15,0,14,5,35.7%,143,28.6,2,5,75,10.2,0.3,9.5,0
346,Malcolm Brown,LAR,29,RB,11,0,6,5,83.3%,37,7.4,0,2,13,6.2,0.5,3.4,0
347,Grant Calcaterra,PHI,24,TE,15,2,9,5,55.6%,81,16.2,0,3,40,9.0,0.3,5.4,0
348,Corey Clement,ARI,28,RB,9,1,7,5,71.4%,54,10.8,0,3,21,7.7,0.6,6.0,0
349,D'Onta Foreman,CAR,26,RB,17,9,9,5,55.6%,26,5.2,0,1,23,2.9,0.3,1.5,1
350,Troy Hairston,HOU,24,FB,16,5,8,5,62.5%,19,3.8,0,0,7,2.4,0.3,1.2,0
351,Zander Horvath,LAC,24,FB,15,2,8,5,62.5%,8,1.6,2,2,5,1.0,0.3,0.5,0
352,Jakob Johnson,LVR,28,FB,17,9,6,5,83.3%,10,2.0,0,0,5,1.7,0.3,0.6,0
353,Tony Jones,2TM,25,RB,6,0,8,5,62.5%,30,6.0,0,0,9,3.8,0.8,5.0,0
354,Gunner Olszewski,PIT,26,WR,16,2,7,5,71.4%,53,10.6,0,1,31,7.6,0.3,3.3,2
355,Ronnie Rivers,LAR,23,RB,8,1,5,5,100.0%,29,5.8,0,1,14,5.8,0.6,3.6,0
356,Armani Rogers,WAS,25,TE,11,3,6,5,83.3%,64,12.8,0,4,23,10.7,0.5,5.8,0
357,Boston Scott,PHI,27,RB,15,2,6,5,83.3%,15,3.0,0,0,5,2.5,0.3,1.0,0
358,Deven Thompkins,TAM,23,WR,5,1,10,5,50.0%,32,6.4,0,1,13,3.2,1.0,6.4,1
359,Samori Toure,GNB,24,WR,11,2,10,5,50.0%,82,16.4,1,2,37,8.2,0.5,7.5,1
360,Derek Watt,PIT,30,FB,17,3,5,5,100.0%,11,2.2,1,1,5,2.2,0.3,0.6,0
361,Michael Woods II,CLE,22,WR,10,0,10,5,50.0%,45,9.0,0,3,15,4.5,0.5,4.5,0
362,Chris Conley,2TM,30,WR,9,1,7,4,57.1%,46,11.5,0,2,27,6.6,0.4,5.1,0
363,Tyler Davis,GNB,25,TE,17,1,7,4,57.1%,26,6.5,0,1,23,3.7,0.2,1.5,0
364,Luke Farrell,JAX,25,TE,17,0,4,4,100.0%,40,10.0,0,3,15,10.0,0.2,2.4,0
365,Myles Gaskin,MIA,25,RB,4,0,6,4,66.7%,28,7.0,0,0,16,4.7,1.0,7.0,0
366,Ryan Griffin,CHI,32,TE,15,0,8,4,50.0%,26,6.5,0,1,18,3.3,0.3,1.7,0
367,Keaontay Ingram,ARI,23,RB,12,0,5,4,80.0%,21,5.3,0,1,24,4.2,0.3,1.8,0
368,David Johnson,NOR,31,RB,5,0,4,4,100.0%,47,11.8,0,3,21,11.8,0.8,9.4,1
369,Marcus Jones+,NWE,24,DB,15,4,4,4,100.0%,78,19.5,1,3,48,19.5,0.3,5.2,1
370,Charlie Kolar,BAL,23,TE,2,0,6,4,66.7%,49,12.3,0,3,15,8.2,2.0,24.5,0
371,Tyler Kroft,SFO,30,TE,11,4,5,4,80.0%,57,14.3,0,2,28,11.4,0.4,5.2,0
372,Jake Kumerow,BUF,30,WR,6,1,7,4,57.1%,64,16.0,0,4,39,9.1,0.7,10.7,0
373,Rashaad Penny,SEA,26,RB,5,5,5,4,80.0%,16,4.0,0,2,6,3.2,0.8,3.2,1
374,Anthony Schwartz,CLE,22,WR,11,1,10,4,40.0%,51,12.8,0,2,19,5.1,0.4,4.6,1
375,Stone Smartt,LAC,24,TE,7,1,5,4,80.0%,17,4.3,0,1,8,3.4,0.6,2.4,0
376,Freddie Swain,2TM,24,N/A,4,1,6,4,66.7%,74,18.5,0,3,52,12.3,1.0,18.5,1
377,Tylan Wallace,BAL,23,WR,9,0,7,4,57.1%,33,8.3,0,1,12,4.7,0.4,3.7,0
378,Montrell Washington,DEN,23,WR,15,1,9,4,44.4%,2,0.5,0,0,4,0.2,0.3,0.1,5
379,Darrel Williams,ARI,27,RB,6,0,8,4,50.0%,9,2.3,0,0,6,1.1,0.7,1.5,0
380,Stephen Anderson,ARI,29,TE,16,0,7,3,42.9%,9,3.0,0,0,6,1.3,0.2,0.6,0
381,Julius Chestnut,TEN,22,RB,6,0,3,3,100.0%,41,13.7,0,1,33,13.7,0.5,6.8,0
382,Tevin Coleman,SFO,29,RB,5,0,3,3,100.0%,44,14.7,1,2,30,14.7,0.6,8.8,0
383,Ross Dwelley,SFO,27,TE,12,0,5,3,60.0%,105,35.0,1,3,56,21.0,0.3,8.8,0
384,Bryan Edwards,ATL,24,WR,7,1,5,3,60.0%,15,5.0,0,0,10,3.0,0.4,2.1,0
385,Ben Ellefson,MIN,26,TE,4,1,3,3,100.0%,26,8.7,0,2,12,8.7,0.8,6.5,0
386,Chris Evans,CIN,25,RB,12,0,4,3,75.0%,38,12.7,1,2,26,9.5,0.3,3.2,0
387,Simi Fehoko,DAL,25,WR,5,0,4,3,75.0%,24,8.0,0,1,12,6.0,0.6,4.8,0
388,Penny Hart,SEA,26,WR,9,0,4,3,75.0%,20,6.7,0,1,15,5.0,0.3,2.2,0
389,Cody Hollister,TEN,29,WR,11,3,5,3,60.0%,54,18.0,0,2,27,10.8,0.3,4.9,0
390,Jesper Horsted,LVR,25,TE,15,0,4,3,75.0%,19,6.3,0,0,9,4.8,0.2,1.3,0
391,D'Ernest Johnson,CLE,26,RB,15,0,3,3,100.0%,7,2.3,0,0,7,2.3,0.2,0.5,0
392,Tim Jones,JAX,24,WR,17,1,4,3,75.0%,30,10.0,0,1,20,7.5,0.2,1.8,0
393,Elijah Mitchell,SFO,24,RB,5,1,4,3,75.0%,7,2.3,0,0,5,1.8,0.6,1.4,0
394,Ty Montgomery,NWE,29,WR,1,0,4,3,75.0%,15,5.0,1,1,7,3.8,3.0,15.0,0
395,Adam Prentice,NOR,25,FB,11,2,3,3,100.0%,9,3.0,0,1,4,3.0,0.3,0.8,1
396,Kyle Rudolph,TAM,33,TE,9,0,5,3,60.0%,28,9.3,1,2,12,5.6,0.3,3.1,0
397,Isaiah Spiller,LAC,21,RB,6,0,3,3,100.0%,13,4.3,0,0,8,4.3,0.5,2.2,0
398,Mike Strachan,IND,25,WR,13,0,9,3,33.3%,59,19.7,0,3,23,6.6,0.2,4.5,0
399,Ke'Shawn Vaughn,TAM,25,RB,15,0,4,3,75.0%,19,6.3,0,1,11,4.8,0.2,1.3,0
400,Maxx Williams,ARI,28,TE,11,1,3,3,100.0%,18,6.0,0,0,7,6.0,0.3,1.6,0
401,Devin Asiasi,CIN,25,TE,12,0,4,2,50.0%,5,2.5,0,0,6,1.3,0.2,0.4,0
402,Daylen Baldwin,CLE,23,WR,1,0,2,2,100.0%,25,12.5,0,2,15,12.5,2.0,25.0,0
403,Blake Bell,KAN,31,TE,3,1,2,2,100.0%,20,10.0,1,1,17,10.0,0.7,6.7,0
404,Giovani Bernard,TAM,31,RB,8,0,2,2,100.0%,-1,-0.5,0,0,6,-0.5,0.3,-0.1,1
405,Kendall Blanton,LAR,27,TE,4,0,2,2,100.0%,35,17.5,0,1,28,17.5,0.5,8.8,0
406,Miles Boykin,PIT,26,WR,16,1,3,2,66.7%,11,5.5,0,1,11,3.7,0.1,0.7,0
407,Spencer Brown,CAR,24,RB,2,0,4,2,50.0%,10,5.0,0,0,9,2.5,1.0,5.0,0
408,Michael Burton,KAN,30,FB,17,0,3,2,66.7%,11,5.5,0,0,9,3.7,0.1,0.6,0
409,Quintez Cephus,DET,24,WR,4,1,3,2,66.7%,15,7.5,0,1,9,5.0,0.5,3.8,0
410,Tyrie Cleveland,DEN,25,WR,6,0,7,2,28.6%,28,14.0,0,1,16,4.0,0.3,4.7,0
411,Pharoh Cooper,ARI,27,WR,5,1,2,2,100.0%,6,3.0,0,0,3,3.0,0.4,1.2,0
412,Jaelon Darden,2TM,23,N/A,14,0,2,2,100.0%,26,13.0,0,1,25,13.0,0.1,1.9,0
413,Mike Davis,BAL,29,RB,8,0,2,2,100.0%,4,2.0,0,0,7,2.0,0.3,0.5,1
414,Trestan Ebner,CHI,23,RB,17,0,8,2,25.0%,8,4.0,0,0,6,1.0,0.1,0.5,2
415,Demetric Felton,CLE,24,RB,8,2,4,2,50.0%,8,4.0,0,0,5,2.0,0.3,1.0,1
416,Jalen Guyton,LAC,25,WR,3,0,4,2,50.0%,64,32.0,0,2,54,16.0,0.7,21.3,0
417,Deonte Harty,NOR,25,WR,4,0,2,2,100.0%,13,6.5,0,0,9,6.5,0.5,3.3,1
418,Justin Herbert,LAC,24,QB,17,17,2,2,100.0%,-10,-5.0,0,0,-2,-5.0,0.1,-0.6,8
419,Dennis Houston,DAL,23,WR,2,0,6,2,33.3%,16,8.0,0,0,11,2.7,1.0,8.0,0
420,Lil'Jordan Humphrey,NWE,24,WR,6,2,4,2,50.0%,20,10.0,0,0,11,5.0,0.3,3.3,0
421,Caleb Huntley,ATL,24,RB,12,0,2,2,100.0%,3,1.5,0,0,2,1.5,0.2,0.3,1
422,Andy Isabella,2TM,26,N/A,5,0,5,2,40.0%,21,10.5,0,2,11,4.2,0.4,4.2,0
423,Cade Johnson,SEA,24,WR,3,0,4,2,50.0%,21,10.5,0,2,11,5.3,0.7,7.0,0
424,Keith Kirkwood,NOR,28,WR,5,1,4,2,50.0%,18,9.0,0,1,14,4.5,0.4,3.6,0
425,Anthony McFarland Jr.,PIT,23,RB,1,0,2,2,100.0%,11,5.5,0,1,12,5.5,2.0,11.0,0
426,Sean McKeon,DAL,25,TE,13,0,3,2,66.7%,11,5.5,0,1,10,3.7,0.2,0.8,0
427,Racey McMath,TEN,23,WR,5,0,8,2,25.0%,40,20.0,0,1,39,5.0,0.4,8.0,0
428,Kene Nwangwu,MIN,24,RB,17,0,2,2,100.0%,21,10.5,0,1,16,10.5,0.1,1.2,0
429,Dezmon Patmon,IND,24,WR,1,0,6,2,33.3%,24,12.0,0,1,17,4.0,2.0,24.0,0
430,Larry Rountree,LAC,23,RB,4,0,2,2,100.0%,14,7.0,0,1,13,7.0,0.5,3.5,0
431,Drew Sample,CIN,26,TE,2,2,2,2,100.0%,-2,-1.0,0,0,2,-1.0,1.0,-1.0,0
432,Braylon Sanders,MIA,23,WR,3,0,3,2,66.7%,17,8.5,0,0,13,5.7,0.7,5.7,1
433,Mason Schreck,HOU,29,TE,3,1,2,2,100.0%,6,3.0,0,0,6,3.0,0.7,2.0,0
434,Benny Snell Jr.,PIT,24,RB,17,0,2,2,100.0%,17,8.5,0,1,11,8.5,0.1,1.0,0
435,Stephen Sullivan,CAR,26,TE,14,0,6,2,33.3%,46,23.0,0,2,33,7.7,0.1,3.3,0
436,Mike Thomas,CIN,28,WR,10,2,10,2,20.0%,38,19.0,0,1,33,3.8,0.2,3.8,0
437,Jalen Tolbert,DAL,23,WR,8,1,3,2,66.7%,12,6.0,0,0,8,4.0,0.3,1.5,0
438,Austin Trammell,LAR,24,WR,6,0,4,2,50.0%,13,6.5,0,1,8,3.3,0.3,2.2,0
439,Cole Turner,WAS,22,TE,10,2,9,2,22.2%,23,11.5,0,1,18,2.6,0.2,2.3,0
440,Jalen Virgil,DEN,24,WR,9,1,5,2,40.0%,75,37.5,1,2,66,15.0,0.2,8.3,1
441,Jonathan Ward,2TM,25,N/A,8,0,3,2,66.7%,7,3.5,0,1,4,2.3,0.3,0.9,0
442,Nsimba Webster,CHI,26,WR,2,0,3,2,66.7%,14,7.0,0,1,8,4.7,1.0,7.0,1
443,Trevon Wesco,CHI,27,TE,14,1,4,2,50.0%,26,13.0,0,1,23,6.5,0.1,1.9,0
444,Kevin White,NOR,30,WR,7,2,5,2,40.0%,74,37.0,0,2,64,14.8,0.3,10.6,0
445,Trayveon Williams,CIN,25,RB,8,0,3,2,66.7%,30,15.0,0,1,24,10.0,0.3,3.8,0
446,Dareke Young,SEA,23,WR,13,0,2,2,100.0%,24,12.0,0,2,12,12.0,0.2,1.8,0
447,Salvon Ahmed,MIA,24,RB,12,0,1,1,100.0%,8,8.0,0,0,8,8.0,0.1,0.7,0
448,Maurice Alexander,DET,25,WR,4,0,1,1,100.0%,7,7.0,0,0,7,7.0,0.3,1.8,0
449,Tyler Badie,DEN,22,RB,1,0,1,1,100.0%,24,24.0,1,1,24,24.0,1.0,24.0,0
450,C.J. Board,TEN,29,WR,4,0,1,1,100.0%,6,6.0,0,0,6,6.0,0.3,1.5,1
451,John Brown,BUF,32,WR,3,0,2,1,50.0%,42,42.0,1,1,42,21.0,0.3,14.0,0
452,Jason Cabinda,DET,26,FB,8,2,4,1,25.0%,5,5.0,0,1,5,1.3,0.1,0.6,0
453,Jalen Camp,HOU,24,WR,2,0,1,1,100.0%,7,7.0,0,1,7,7.0,0.5,3.5,0
454,Keke Coutee,IND,25,WR,8,0,1,1,100.0%,20,20.0,0,0,20,20.0,0.1,2.5,4
455,Frank Darby,ATL,25,WR,5,0,1,1,100.0%,15,15.0,0,1,15,15.0,0.2,3.0,0
456,Jeff Driskel,HOU,29,QB,7,2,1,1,100.0%,4,4.0,0,0,4,4.0,0.1,0.6,0
457,Darrynton Evans,CHI,24,RB,6,0,1,1,100.0%,33,33.0,0,1,33,33.0,0.2,5.5,0
458,Erik Ezukanma,MIA,22,WR,1,0,1,1,100.0%,3,3.0,0,0,3,3.0,1.0,3.0,0
459,Jake Gervase,LAR,27,LB,14,0,1,1,100.0%,12,12.0,0,1,12,12.0,0.1,0.9,0
460,Jared Goff*,DET,28,QB,17,17,1,1,100.0%,5,5.0,0,0,5,5.0,0.1,0.3,7
461,Danny Gray,SFO,23,WR,13,0,7,1,14.3%,10,10.0,0,1,10,1.4,0.1,0.8,0
462,Kamu Grugier-Hill,2TM,28,LB/OLB,15,6,1,1,100.0%,4,4.0,0,1,4,4.0,0.1,0.3,0
463,Jacob Harris,LAR,25,WR,7,0,1,1,100.0%,6,6.0,0,1,6,6.0,0.1,0.9,0
464,Godwin Igwebuike,SEA,28,RB,5,0,1,1,100.0%,3,3.0,0,0,3,3.0,0.2,0.6,0
465,Tyron Johnson,2TM,26,WR,4,1,1,1,100.0%,8,8.0,0,0,8,8.0,0.3,2.0,0
466,Ronald Jones II,KAN,25,RB,6,0,1,1,100.0%,22,22.0,0,1,22,22.0,0.2,3.7,0
467,Mason Kinsey,TEN,24,WR,2,0,1,1,100.0%,3,3.0,0,0,3,3.0,0.5,1.5,1
468,Tyler Mabry,SEA,26,TE,2,0,1,1,100.0%,7,7.0,1,1,7,7.0,0.5,3.5,0
469,Patrick Mahomes*+,KAN,27,QB,17,17,1,1,100.0%,6,6.0,0,0,6,6.0,0.1,0.4,5
470,Jason Moore,LAC,27,WR,6,0,2,1,50.0%,5,5.0,0,0,5,2.5,0.2,0.8,0
471,Devine Ozigbo,DEN,26,RB,4,0,1,1,100.0%,3,3.0,0,0,3,3.0,0.3,0.8,0
472,Richard Rodgers,LAC,30,TE,10,1,4,1,25.0%,4,4.0,0,0,4,1.0,0.1,0.4,0
473,Jeremy Ruckert,NYJ,22,TE,9,0,2,1,50.0%,8,8.0,0,0,8,4.0,0.1,0.9,0
474,Penei Sewell*,DET,22,T,17,17,1,1,100.0%,9,9.0,0,1,9,9.0,0.1,0.5,0
475,Keith Smith,ATL,30,FB,17,6,2,1,50.0%,8,8.0,0,0,8,4.0,0.1,0.5,0
476,Ihmir Smith-Marsette,2TM,23,N/A,8,0,4,1,25.0%,15,15.0,0,0,15,3.8,0.1,1.9,1
477,Tommy Sweeney,BUF,27,TE,5,0,1,1,100.0%,7,7.0,0,1,7,7.0,0.2,1.4,0
478,J.J. Taylor,NWE,24,RB,1,0,1,1,100.0%,8,8.0,0,0,8,8.0,1.0,8.0,0
479,Patrick Taylor,GNB,24,RB,14,0,1,1,100.0%,17,17.0,0,1,17,17.0,0.1,1.2,0
480,KaVontae Turpin*,DAL,26,WR,17,0,2,1,50.0%,9,9.0,0,0,9,4.5,0.1,0.5,3
481,Dwayne Washington,NOR,28,RB,12,0,1,1,100.0%,7,7.0,0,0,7,7.0,0.1,0.6,0
482,Cody White,PIT,24,WR,1,1,1,1,100.0%,2,2.0,0,0,2,2.0,1.0,2.0,0
483,Jameson Williams,DET,21,WR,6,0,9,1,11.1%,41,41.0,1,1,41,4.6,0.2,6.8,0
484,Ty'Son Williams,ARI,26,RB,1,0,1,1,100.0%,5,5.0,0,0,5,5.0,1.0,5.0,0
485,Russell Wilson,DEN,34,QB,15,15,1,1,100.0%,1,1.0,0,0,1,1.0,0.1,0.1,6
486,Zach Wilson,NYJ,23,QB,9,9,1,1,100.0%,2,2.0,1,1,2,2.0,0.1,0.2,1
487,Juwann Winfree,GNB,26,WR,3,0,4,1,25.0%,17,17.0,0,1,17,4.3,0.3,5.7,0
488,Bailey Zappe,NWE,23,QB,4,2,1,1,100.0%,-6,-6.0,0,0,-6,-6.0,0.3,-1.5,4
489,Josh Ali,ATL,23,WR,2,0,1,0,0.0%,0,0,0,0,0,0.0,0.0,0.0,0
490,David Bakhtiari,GNB,31,T,11,11,1,0,0.0%,0,0,0,0,0,0.0,0.0,0.0,0
491,Khari Blasingame,CHI,26,FB,16,6,1,0,0.0%,0,0,0,0,0,0.0,0.0,0.0,0
492,Tom Brady,TAM,45,QB,17,17,1,0,0.0%,0,0,0,0,0,0.0,0.0,0.0,5
493,Jack Conklin,CLE,28,T,14,14,1,0,0.0%,0,0,0,0,0,0.0,0.0,0.0,0
494,Tanner Conner,MIA,24,TE,13,0,3,0,0.0%,0,0,0,0,0,0.0,0.0,0.0,0
495,Tyrion Davis-Price,SFO,22,RB,6,0,2,0,0.0%,0,0,0,0,0,0.0,0.0,0.0,0
496,Gus Edwards,BAL,27,RB,9,4,2,0,0.0%,0,0,0,0,0,0.0,0.0,0.0,1
497,Miller Forristall,CLE,24,TE,4,0,1,0,0.0%,0,0,0,0,0,0.0,0.0,0.0,0
498,Feleipe Franks,ATL,25,TE,11,1,2,0,0.0%,0,0,0,0,0,0.0,0.0,0.0,0
499,Tanner Gentry,BUF,28,WR,3,0,1,0,0.0%,0,0,0,0,0,0.0,0.0,0.0,0
500,Josh Gordon,TEN,31,WR,2,0,1,0,0.0%,0,0,0,0,0,0.0,0.0,0.0,0
501,Lance McCutcheon,LAR,23,WR,10,1,5,0,0.0%,0,0,0,0,0,0.0,0.0,0.0,0
502,Stanley Morgan Jr.,CIN,26,WR,14,0,1,0,0.0%,0,0,0,0,0,0.0,0.0,0.0,0
503,Jaret Patterson,WAS,23,RB,3,0,1,0,0.0%,0,0,0,0,0,0.0,0.0,0.0,0
504,Noah Togiai,PHI,25,TE,2,0,1,0,0.0%,0,0,0,0,0,0.0,0.0,0.0,0
505,Jake Tonges,CHI,23,TE,4,0,1,0,0.0%,0,0,0,0,0,0.0,0.0,0.0,0
506,DJ Turner,LVR,25,WR,9,0,1,0,0.0%,0,0,0,0,0,0.0,0.0,0.0,1
507,James Washington,DAL,26,WR,2,0,1,0,0.0%,0,0,0,0,0,0.0,0.0,0.0,0
508,Charlie Woerner,SFO,25,TE,17,2,2,0,0.0%,0,0,0,0,0,0.0,0.0,0.0,0
